common_name,scientific_name,status,Perch_2.0
Adelie Penguin,Pygoscelis adeliae,Rare/Accidental,Y
African Collared-Dove,Streptopelia roseogrisea,Introduced species,Y
American Golden-Plover,Pluvialis dominica,Rare/Accidental,Y
Antarctic Petrel,Thalassoica antarctica,Rare/Accidental,Y
Antarctic Prion,Pachyptila desolata,Rare/Accidental,Y
Antipodean Albatross,Diomedea antipodensis,Endangered,Y
Arctic Tern,Sterna paradisaea,Rare/Accidental,Y
Asian Dowitcher,Limnodromus semipalmatus,Rare/AccidentalÿNear-threatened,Y
Auckland Islands Merganser,Mergus australis,Endemic (country/region)ÿExtinct,
Australasian Bittern,Botaurus poiciloptilus,Vulnerable,Y
Australasian Darter,Anhinga novaehollandiae,Rare/Accidental,Y
Australasian Gannet,Morus serrator,,Y
Australasian Grebe,Tachybaptus novaehollandiae,,Y
Australasian Shoveler,Spatula rhynchotis,,Y
Australasian Swamphen,Porphyrio melanotus,,Y
Australian Crake,Porzana fluminea,Rare/Accidental,Y
Australian Fairy Tern,Sternula nereis,Vulnerable,Y
Australian Ibis,Threskiornis molucca,Rare/Accidental,Y
Australian Magpie,Gymnorhina tibicen,Introduced species,Y
Australian Pelican,Pelecanus conspicillatus,Rare/Accidental,Y
Australian Shelduck,Tadorna tadornoides,Rare/Accidental,Y
Australian Tern,Gelochelidon macrotarsa,Rare/Accidental,Y
Baillon's Crake,Zapornia pusilla,,Y
Baird's Sandpiper,Calidris bairdii,Rare/Accidental,Y
Bar-tailed Godwit,Limosa lapponica,Near-threatened,Y
Black Kite,Milvus migrans,Rare/Accidental,Y
Black Noddy,Anous minutus,Rare/Accidental,Y
Black Stilt,Himantopus novaezelandiae,Endemic (country/region)ÿCritically endangered,Y
Black Swan,Cygnus atratus,Introduced species,Y
Black Tern,Chlidonias niger,Rare/Accidental,Y
Black-bellied Plover,Pluvialis squatarola,Rare/AccidentalÿVulnerable,Y
Black-bellied Storm-Petrel,Fregetta tropica,Rare/Accidental,Y
Black-billed Gull,Chroicocephalus bulleri,Endemic (country/region)ÿNear-threatened,Y
Black-browed Albatross,Thalassarche melanophris,,Y
Black-faced Cuckooshrike,Coracina novaehollandiae,Rare/Accidental,Y
Black-faced Monarch,Monarcha melanopsis,Rare/Accidental,Y
Black-fronted Dotterel,Thinornis melanops,,Y
Black-fronted Tern,Chlidonias albostriatus,Endemic (country/region)ÿEndangered,Y
Black-naped Tern,Sterna sumatrana,Rare/Accidental,Y
Black-tailed Godwit,Limosa limosa,Rare/AccidentalÿNear-threatened,Y
Black-tailed Nativehen,Tribonyx ventralis,Rare/Accidental,Y
Black-winged Petrel,Pterodroma nigripennis,,Y
Blue Duck,Hymenolaimus malacorhynchos,Endemic (country/region)ÿEndangered,Y
Blue Petrel,Halobaena caerulea,Rare/Accidental,Y
Blue-billed White-Tern,Gygis candida,Rare/Accidental,
Blue-gray Noddy,Anous ceruleus,Rare/Accidental,Y
Bridled Tern,Onychoprion anaethetus,Rare/Accidental,Y
Bristle-thighed Curlew,Numenius tahitiensis,Rare/AccidentalÿNear-threatened,Y
Broad-billed Prion,Pachyptila vittata,Rare/Accidental,Y
Broad-billed Sandpiper,Calidris falcinellus,Rare/AccidentalÿVulnerable,Y
Brown Booby,Sula leucogaster,Rare/Accidental,Y
Brown Noddy,Anous stolidus,Rare/Accidental,Y
Brown Quail,Synoicus ypsilophorus,Introduced species,Y
Brown Skua,Stercorarius antarcticus,,Y
Brown Teal,Anas chlorotis,Endemic (country/region)ÿNear-threatened,Y
Buff-banded Rail,Gallirallus philippensis,,Y
Buff-breasted Sandpiper,Calidris subruficollis,Rare/AccidentalÿVulnerable,Y
Buller's Albatross,Thalassarche bulleri,Near-threatened,Y
Buller's Shearwater,Ardenna bulleri,Endemic (country/region)ÿVulnerable,Y
Bulwer's Petrel,Bulweria bulwerii,Rare/Accidental,Y
Bush Wren,Xenicus longipes,Endemic (country/region)ÿExtinct,
California Quail,Callipepla californica,Introduced species,Y
Canada Goose,Branta canadensis,Introduced species,Y
Cape Barren Goose,Cereopsis novaehollandiae,Rare/Accidental,Y
Cape Gannet,Morus capensis,Rare/AccidentalÿEndangered,Y
Caspian Tern,Hydroprogne caspia,,Y
Channel-billed Cuckoo,Scythrops novaehollandiae,Rare/Accidental,Y
Chatham Albatross,Thalassarche eremita,Rare/AccidentalÿVulnerable,Y
Chatham Islands Petrel,Pterodroma axillaris,Vulnerable,Y
Chestnut Teal,Anas castanea,Rare/Accidental,Y
Christmas Shearwater,Puffinus nativitatis,Rare/Accidental,Y
Chukar,Alectoris chukar,Introduced species,Y
Cirl Bunting,Emberiza cirlus,Introduced species,Y
Collared Petrel,Pterodroma brevipes,Rare/AccidentalÿVulnerable,
Common Chaffinch,Fringilla coelebs,Introduced species,Y
Common Diving-Petrel,Pelecanoides urinatrix,,Y
Common Greenshank,Tringa nebularia,Rare/Accidental,Y
Common Myna,Acridotheres tristis,Introduced species,Y
Common Sandpiper,Actitis hypoleucos,Rare/Accidental,Y
Common Tern,Sterna hirundo,Rare/Accidental,Y
Cook's Petrel,Pterodroma cookii,Endemic (country/region)ÿVulnerable,Y
Cory's Shearwater,Calonectris borealis,Rare/Accidental,Y
Crimson Rosella,Platycercus elegans,Introduced species,Y
Curlew Sandpiper,Calidris ferruginea,Rare/AccidentalÿVulnerable,Y
Dollarbird,Eurystomus orientalis,Rare/Accidental,Y
Double-banded Plover,Anarhynchus bicinctus,Near-threatened,Y
Dunlin,Calidris alpina,Rare/AccidentalÿNear-threatened,Y
Dunnock,Prunella modularis,Introduced species,Y
Eastern Barn Owl,Tyto javanica,Rare/Accidental,Y
Eastern Cattle-Egret,Ardea coromanda,,Y
Eastern Rockhopper Penguin,Eudyptes filholi,Rare/Accidental,
Eastern Rosella,Platycercus eximius,Introduced species,Y
Emperor Penguin,Aptenodytes forsteri,Rare/AccidentalÿNear-threatened,Y
Erect-crested Penguin,Eudyptes sclateri,Rare/AccidentalÿEndangered,Y
Eurasian Blackbird,Turdus merula,Introduced species,Y
Eurasian Coot,Fulica atra,,Y
Eurasian Moorhen,Gallinula chloropus,Rare/Accidental,Y
Eurasian Skylark,Alauda arvensis,Introduced species,Y
Eurasian Whimbrel,Numenius phaeopus,,Y
European Goldfinch,Carduelis carduelis,Introduced species,Y
European Greenfinch,Chloris chloris,Introduced species,Y
European Starling,Sturnus vulgaris,Introduced species,Y
Fairy Martin,Petrochelidon ariel,Rare/Accidental,Y
Fairy Prion,Pachyptila turtur,,Y
Fan-tailed Cuckoo,Cacomantis flabelliformis,Rare/Accidental,Y
Far Eastern Curlew,Numenius madagascariensis,Endangered,Y
Fiordland Penguin,Eudyptes pachyrhynchus,Rare/AccidentalÿNear-threatened,Y
Flesh-footed Shearwater,Ardenna carneipes,Near-threatened,Y
Fluttering Shearwater,Puffinus gavia,,Y
Franklin's Gull,Leucophaeus pipixcan,Rare/Accidental,Y
Fulmar Prion,Pachyptila crassirostris,Rare/Accidental,Y
Galah,Eolophus roseicapilla,Introduced species,Y
Glossy Ibis,Plegadis falcinellus,Rare/Accidental,Y
Gould's Petrel,Pterodroma leucoptera,Rare/AccidentalÿVulnerable,Y
Gray Gerygone,Gerygone igata,Endemic (country/region),Y
Gray Heron,Ardea cinerea,Rare/Accidental,Y
Gray Noddy,Anous albivitta,Rare/Accidental,
Gray Partridge,Perdix perdix,Introduced species,Y
Gray Petrel,Procellaria cinerea,Rare/AccidentalÿNear-threatened,Y
Gray Teal,Anas gracilis,,Y
Gray-backed Storm-Petrel,Garrodia nereis,Rare/Accidental,
Gray-backed Tern,Onychoprion lunatus,Rare/Accidental,Y
Gray-faced Petrel,Pterodroma gouldi,Breeding endemic,Y
Gray-headed Albatross,Thalassarche chrysostoma,Rare/AccidentalÿEndangered,
Graylag Goose,Anser anser,Introduced species,Y
Gray-tailed Tattler,Tringa brevipes,Rare/Accidental,Y
Great Cormorant,Phalacrocorax carbo,,Y
Great Crested Grebe,Podiceps cristatus,Rare/Accidental,Y
Great Crested Tern,Thalasseus bergii,Rare/Accidental,Y
Great Egret,Ardea alba,,Y
Great Frigatebird,Fregata minor,Rare/Accidental,Y
Great Knot,Calidris tenuirostris,Rare/AccidentalÿEndangered,Y
Great Shearwater,Ardenna gravis,Rare/Accidental,Y
Great Spotted Kiwi,Apteryx maxima,Endemic (country/region)ÿVulnerable,Y
Greater Sand-Plover,Anarhynchus leschenaultii,Rare/Accidental,Y
Gull-billed Tern,Gelochelidon nilotica,Rare/Accidental,Y
Hardhead,Aythya australis,Rare/Accidental,Y
Helmeted Guineafowl,Numida meleagris,Introduced species,Y
Herald Petrel,Pterodroma heraldica,Rare/Accidental,Y
Hoary-headed Grebe,Poliocephalus poliocephalus,Rare/Accidental,Y
House Sparrow,Passer domesticus,Introduced species,Y
Hudsonian Godwit,Limosa haemastica,Rare/AccidentalÿVulnerable,Y
Hudsonian Whimbrel,Numenius hudsonicus,,
Huia,Heteralocha acutirostris,Endemic (country/region)ÿExtinct,
Hutton's Shearwater,Puffinus huttoni,Endangered,Y
Indian Peafowl,Pavo cristatus,Introduced species,Y
Indian Yellow-nosed Albatross,Thalassarche carteri,Rare/AccidentalÿEndangered,Y
Juan Fernandez Petrel,Pterodroma externa,Rare/AccidentalÿVulnerable,Y
Kakapo,Strigops habroptilus,Endemic (country/region)ÿCritically endangered,Y
Kea,Nestor notabilis,EndemicÿEndangered,Y
Kelp Gull,Larus dominicanus,,Y
Kerguelen Petrel,Aphrodroma brevirostris,Rare/Accidental,Y
Kermadec Petrel,Pterodroma neglecta,Rare/Accidental,Y
King Penguin,Aptenodytes patagonicus,Rare/Accidental,Y
Latham's Snipe,Gallinago hardwickii,Rare/AccidentalÿNear-threatened,Y
Laughing Gull,Leucophaeus atricilla,Rare/Accidental,Y
Laughing Kookaburra,Dacelo novaeguineae,Introduced species,Y
Laughing Owl,Ninox albifacies,Endemic (country/region)ÿExtinct,
Laysan Albatross,Phoebastria immutabilis,Rare/AccidentalÿNear-threatened,Y
Leach's Storm-Petrel,Hydrobates leucorhous,Rare/AccidentalÿVulnerable,Y
Least Sandpiper,Calidris minutilla,Rare/AccidentalÿNear-threatened,Y
Lesser Frigatebird,Fregata ariel,Rare/Accidental,
Lesser Yellowlegs,Tringa flavipes,Rare/AccidentalÿVulnerable,Y
Light-mantled Albatross,Phoebetria palpebrata,Rare/AccidentalÿNear-threatened,Y
Little Black Cormorant,Phalacrocorax sulcirostris,,Y
Little Bronze-Cuckoo,Chalcites minutillus,Rare/Accidental,Y
Little Curlew,Numenius minutus,Rare/Accidental,Y
Little Egret,Egretta garzetta,,Y
Little Owl,Athene noctua,Introduced species,Y
Little Penguin,Eudyptula minor,,Y
Little Pied Cormorant,Microcarbo melanoleucos,,Y
Little Shearwater,Puffinus assimilis,,Y
Little Spotted Kiwi,Apteryx owenii,Endemic (country/region)ÿNear-threatened,Y
Little Stint,Calidris minuta,Rare/Accidental,Y
Little Tern,Sternula albifrons,,Y
Long-tailed Jaeger,Stercorarius longicaudus,Rare/Accidental,Y
Long-tailed Koel,Urodynamis taitensis,Endemic (country/region),Y
Magellanic Penguin,Spheniscus magellanicus,Rare/Accidental,Y
Magenta Petrel,Pterodroma magentae,Critically endangered,Y
Malherbe's Parakeet,Cyanoramphus malherbi,Endemic (country/region)ÿCritically endangered,Y
Mallard,Anas platyrhynchos,Introduced species,Y
Maned Duck,Chenonetta jubata,Rare/Accidental,Y
Manx Shearwater,Puffinus puffinus,Rare/Accidental,Y
Marsh Sandpiper,Tringa stagnatilis,Rare/Accidental,Y
Masked Booby,Sula dactylatra,Rare/Accidental,Y
Masked Lapwing,Vanellus miles,,Y
Masked Woodswallow,Artamus personatus,Rare/Accidental,Y
Morepork,Ninox novaeseelandiae,,Y
Moseley's Rockhopper Penguin,Eudyptes moseleyi,Rare/AccidentalÿEndangered,Y
Mottled Petrel,Pterodroma inexpectata,Rare/AccidentalÿNear-threatened,Y
Mute Swan,Cygnus olor,Introduced species,Y
Nankeen Kestrel,Falco cenchroides,Rare/Accidental,Y
Nankeen Night Heron,Nycticorax caledonicus,Rare/Accidental,Y
New Zealand Bellbird,Anthornis melanura,Endemic (country/region),Y
New Zealand Bittern,Botaurus novaezelandiae,Endemic (country/region)ÿExtinct,
New Zealand Falcon,Falco novaeseelandiae,Endemic (country/region),Y
New Zealand Fantail,Rhipidura fuliginosa,Endemic (country/region),Y
New Zealand Fernbird,Poodytes punctatus,Endemic (country/region),Y
New Zealand Grebe,Poliocephalus rufopectus,Endemic (country/region),
New Zealand Kaka,Nestor meridionalis,Endemic (country/region)ÿVulnerable,Y
New Zealand King Shag,Leucocarbo carunculatus,Endemic (country/region)ÿVulnerable,Y
New Zealand Pigeon,Hemiphaga novaeseelandiae,,Y
New Zealand Pipit,Anthus novaeseelandiae,Endemic (country/region),Y
New Zealand Quail,Coturnix novaezelandiae,Endemic (country/region)ÿExtinct,
New Zealand Scaup,Aythya novaeseelandiae,Endemic (country/region),Y
New Zealand Storm-Petrel,Fregetta maoriana,Endemic (country/region)ÿCritically endangeredÿ(possibly extinct),
Newell's Shearwater,Puffinus newelli,Rare/AccidentalÿCritically endangered,Y
North Island Brown Kiwi,Apteryx mantelli,Endemic (country/region)ÿVulnerable,Y
North Island Kokako,Callaeas wilsoni,Endemic (country/region),Y
North Island Piopio,Turnagra tanagra,Endemic (country/region)ÿExtinct,
North Island Robin,Petroica longipes,Endemic (country/region),Y
North Island Saddleback,Philesturnus rufusater,Endemic (country/region)ÿNear-threatened,Y
North Island Snipe,Coenocorypha barrierensis,Endemic (country/region)ÿExtinct,
North Island Takahe,Porphyrio mantelli,Endemic (country/region)ÿExtinct,
Northern Bobwhite,Colinus virginianus,Introduced speciesÿNear-threatened,Y
Northern Giant-Petrel,Macronectes halli,,Y
Northern Royal Albatross,Diomedea sanfordi,Endangered,Y
Northern Shoveler,Spatula clypeata,Rare/Accidental,Y
Okarito Brown Kiwi,Apteryx rowi,Endemic (country/region)ÿVulnerable,Y
Oriental Cuckoo,Cuculus optatus,Rare/Accidental,Y
Oriental Plover,Anarhynchus veredus,Rare/Accidental,Y
Oriental Pratincole,Glareola maldivarum,Rare/Accidental,Y
Pacific Black Duck,Anas superciliosa,,Y
Pacific Golden-Plover,Pluvialis fulva,,Y
Pacific Gull,Larus pacificus,Rare/Accidental,Y
Pacific Heron,Ardea pacifica,Rare/Accidental,Y
Pacific Reef-Heron,Egretta sacra,,Y
Pacific Swift,Apus pacificus,Rare/Accidental,Y
Pallid Cuckoo,Heteroscenes pallidus,Rare/Accidental,Y
Paradise Shelduck,Tadorna variegata,Endemic (country/region),Y
Parasitic Jaeger,Stercorarius parasiticus,,Y
Parkinson's Petrel,Procellaria parkinsoni,Endemic (country/region)ÿVulnerable,Y
Pectoral Sandpiper,Calidris melanotos,Rare/Accidental,Y
Phoenix Petrel,Pterodroma alba,Rare/AccidentalÿVulnerable,Y
Pied Cormorant,Phalacrocorax varius,,Y
Pied Stilt,Himantopus leucocephalus,,Y
Pink-eared Duck,Malacorhynchus membranaceus,Rare/Accidental,Y
Pink-footed Shearwater,Ardenna creatopus,Rare/AccidentalÿVulnerable,Y
Pintado Petrel,Daption capense,,Y
Pipipi,Mohoua novaeseelandiae,Endemic (country/region),Y
Plumed Egret,Ardea plumifera,Rare/Accidental,
Plumed Whistling-Duck,Dendrocygna eytoni,Rare/Accidental,Y
Pomarine Jaeger,Stercorarius pomarinus,,Y
Providence Petrel,Pterodroma solandri,Rare/Accidental,Y
Pycroft's Petrel,Pterodroma pycrofti,Endemic (country/region)ÿVulnerable,
Red Knot,Calidris canutus,Near-threatened,Y
Red Phalarope,Phalaropus fulicarius,Rare/Accidental,Y
Red Wattlebird,Anthochaera carunculata,Rare/Accidental,Y
Red-breasted Dotterel,Anarhynchus obscurus,Endemic (country/region),Y
Red-capped Plover,Anarhynchus ruficapillus,Rare/Accidental,Y
Red-crowned Parakeet,Cyanoramphus novaezelandiae,,Y
Red-footed Booby,Sula sula,Rare/Accidental,Y
Red-kneed Dotterel,Erythrogonys cinctus,Rare/Accidental,Y
Red-necked Avocet,Recurvirostra novaehollandiae,Rare/Accidental,Y
Red-necked Phalarope,Phalaropus lobatus,Rare/Accidental,Y
Red-necked Stint,Calidris ruficollis,Near-threatened,Y
Redpoll,Acanthis flammea,Introduced species,Y
Red-tailed Tropicbird,Phaethon rubricauda,Rare/Accidental,Y
Red-vented Bulbul,Pycnonotus cafer,Introduced species,Y
Rifleman,Acanthisitta chloris,Endemic (country/region),Y
Ring-necked Pheasant,Phasianus colchicus,Introduced species,Y
Rock Pigeon,Columba livia,Introduced species,Y
Rook,Corvus frugilegus,Introduced species,Y
Rose-crowned Fruit-Dove,Ptilinopus regina,Rare/Accidental,Y
Rose-ringed Parakeet,Psittacula krameri,Introduced species,Y
Royal Penguin,Eudyptes schlegeli,Rare/Accidental,Y
Royal Spoonbill,Platalea regia,,Y
Ruddy Turnstone,Arenaria interpres,Near-threatened,Y
Ruff,Calidris pugnax,Rare/Accidental,Y
Sacred Kingfisher,Todiramphus sanctus,,Y
Salvin's Albatross,Thalassarche salvini,Vulnerable,Y
Salvin's Prion,Pachyptila salvini,Rare/Accidental,
Sanderling,Calidris alba,Rare/Accidental,Y
Satin Flycatcher,Myiagra cyanoleuca,Rare/Accidental,Y
Semipalmated Plover,Charadrius semipalmatus,Rare/Accidental,Y
Sharp-tailed Sandpiper,Calidris acuminata,Vulnerable,Y
Shining Bronze-Cuckoo,Chalcites lucidus,,Y
Shore Plover,Thinornis novaeseelandiae,Endemic (country/region)ÿEndangered,Y
Short-tailed Shearwater,Ardenna tenuirostris,,Y
Siberian Sand-Plover,Anarhynchus mongolus,Endangered,Y
Silver Gull,Chroicocephalus novaehollandiae,,Y
Silvereye,Zosterops lateralis,,Y
Slender-billed Prion,Pachyptila belcheri,Rare/Accidental,Y
Snares Penguin,Eudyptes robustus,Rare/AccidentalÿVulnerable,Y
Snowy Albatross,Diomedea exulans,Rare/AccidentalÿVulnerable,Y
Soft-plumaged Petrel,Pterodroma mollis,Rare/Accidental,Y
Song Thrush,Turdus philomelos,Introduced species,Y
Sooty Albatross,Phoebetria fusca,Rare/AccidentalÿEndangered,
Sooty Shearwater,Ardenna grisea,Near-threatened,Y
Sooty Tern,Onychoprion fuscatus,Rare/Accidental,Y
South Georgia Diving-Petrel,Pelecanoides georgicus,,Y
South Island Oystercatcher,Haematopus finschi,Endemic (country/region),Y
South Island Saddleback,Philesturnus carunculatus,Endemic (country/region),Y
South Island Takahe,Porphyrio hochstetteri,Endemic (country/region)ÿEndangered,Y
South Polar Skua,Stercorarius maccormicki,Rare/Accidental,Y
Southern Fulmar,Fulmarus glacialoides,,Y
Southern Giant-Petrel,Macronectes giganteus,,Y
Southern Royal Albatross,Diomedea epomophora,Vulnerable,Y
Spotless Crake,Zapornia tabuensis,,Y
Spotted Dove,Spilopelia chinensis,Introduced species,Y
Spotted Shag,Phalacrocorax punctatus,Endemic (country/region),Y
Stejneger's Petrel,Pterodroma longirostris,Rare/AccidentalÿVulnerable,
Stitchbird,Notiomystis cincta,Endemic (country/region)ÿVulnerable,Y
Streaked Shearwater,Calonectris leucomelas,Rare/AccidentalÿNear-threatened,Y
Subantarctic Shearwater,Puffinus elegans,Rare/Accidental,
Sulphur-crested Cockatoo,Cacatua galerita,Introduced species,Y
Swamp Harrier,Circus approximans,,Y
Swinhoe's Storm-Petrel,Hydrobates monorhis,Rare/AccidentalÿNear-threatened,Y
Tahiti Petrel,Pseudobulweria rostrata,Rare/AccidentalÿNear-threatened,Y
Terek Sandpiper,Xenus cinereus,Rare/Accidental,Y
Tomtit,Petroica macrocephala,Endemic (country/region),Y
Tree Martin,Petrochelidon nigricans,Rare/Accidental,Y
Tui,Prosthemadera novaeseelandiae,Endemic (country/region),Y
Upland Sandpiper,Bartramia longicauda,Rare/Accidental,Y
Variable Oystercatcher,Haematopus unicolor,Endemic (country/region),Y
Wandering Tattler,Tringa incana,Rare/Accidental,Y
Wedge-tailed Eagle,Aquila audax,Rare/Accidental,Y
Wedge-tailed Shearwater,Ardenna pacifica,Rare/Accidental,Y
Weka,Gallirallus australis,Endemic (country/region)ÿVulnerable,Y
Welcome Swallow,Hirundo neoxena,,Y
Western Sandpiper,Calidris mauri,Rare/Accidental,Y
Westland Petrel,Procellaria westlandica,Endangered,Y
Whiskered Tern,Chlidonias hybrida,Rare/Accidental,Y
White-bellied Storm-Petrel,Fregetta grallaria,Rare/Accidental,
White-browed Woodswallow,Artamus superciliosus,Rare/Accidental,Y
White-capped Albatross,Thalassarche cauta,,Y
White-chinned Petrel,Procellaria aequinoctialis,Vulnerable,Y
White-faced Heron,Egretta novaehollandiae,,Y
White-faced Storm-Petrel,Pelagodroma marina,,Y
White-fronted Tern,Sterna striata,Endemic (country/region)ÿNear-threatened,Y
Whitehead,Mohoua albicilla,Endemic (country/region),Y
White-headed Petrel,Pterodroma lessonii,Rare/Accidental,Y
White-necked Petrel,Pterodroma cervicalis,Rare/Accidental,Y
White-rumped Sandpiper,Calidris fuscicollis,Rare/AccidentalÿVulnerable,Y
White-tailed Tropicbird,Phaethon lepturus,Rare/Accidental,Y
White-throated Needletail,Hirundapus caudacutus,Rare/Accidental,Y
White-winged Tern,Chlidonias leucopterus,Rare/Accidental,Y
Wilson's Phalarope,Phalaropus tricolor,Rare/Accidental,Y
Wilson's Storm-Petrel,Oceanites oceanicus,Rare/Accidental,Y
Wrybill,Anarhynchus frontalis,Endemic (country/region)ÿVulnerable,Y
Yellow-billed Spoonbill,Platalea flavipes,Rare/Accidental,Y
Yellow-crowned Parakeet,Cyanoramphus auriceps,Endemic (country/region)ÿNear-threatened,Y
Yellow-eyed Penguin,Megadyptes antipodes,Rare/AccidentalÿEndangered,Y
Yellowhammer,Emberiza citrinella,Introduced species,Y
